F,quis.tristique.ac@cursus.org,1988-03-19,12345,(25)601603254
F,rutrum@turpisvitaepurus.com,1979-10-11,12345,(57)268029987
F,quis@facilisis.com,1997-12-11,12345,(81)772967088
M,tortor@interdumSedauctor.net,1972-12-21,12345,(85)654103080
F,at.nisi@utodiovel.ca,1979-06-14,12345,(07)184887609
M,eros.turpis.non@magna.org,1976-05-15,12345,(06)909922929
F,nec@lacus.edu,1979-12-24,12345,(93)618828014
F,feugiat@Praesent.com,1982-10-25,12345,(79)438636232
M,nec.ante@nullaat.com,1990-07-14,12345,(08)492017240
F,neque.venenatis@rutrumjustoPraesent.co.uk,1996-04-18,12345,(17)384899088
F,ultrices.Vivamus@elitdictum.com,1982-09-25,12345,(28)228083708
F,Praesent.interdum@adipiscingelit.net,1988-01-28,12345,(23)704483798
F,egestas.Aliquam@aliquet.org,1997-03-01,12345,(69)292769864
M,dolor@aliquetmagna.co.uk,1997-06-30,12345,(72)637787952
F,rhoncus.id@Etiambibendum.co.uk,1995-02-09,12345,(87)175308914
M,blandit@ridic(ulusmusAenean.co.uk,1991-06-17,12345,(02)851529912
M,est.Nunc.laoreet@acmi.net,1996-11-18,12345,(87)115548605
F,sit@arcu.com,1978-12-23,12345,(36)808212687
M,eget@lobortis.com,1988-07-11,12345,(11)878925900
M,lacinia.vitae.sodales@ametnulla.org,1982-10-24,12345,(58)017206213
F,Nunc.ullamcorper.velit@velconvallis.org,1973-10-02,12345,(20)928196220
F,Aliquam.gravida.mauris@ipsumprimis.com,1998-03-29,12345,(51)848943814
M,habitant.morbi@eu.net,1973-11-08,12345,(17)140419446
F,sodales.elit@etnetus.org,1997-04-06,12345,(65)338845060
M,Nullam.velit.dui@elitEtiamlaoreet.edu,1987-12-19,12345,(89)592584592
F,lectus@est.edu,1993-10-09,12345,(20)525516714
F,natoque.penatibus@iaculisaliquet.org,1997-01-01,12345,(90)719572214
M,dictum.sapien.Aenean@InloremDonec.net,1980-12-18,12345,(17)677531081
M,et.magnis@congueelit.ca,1983-06-02,12345,(03)888220837
M,pede.Cras.vulputate@euismodurna.edu,1993-01-25,12345,(36)122770336
M,aptent.taciti@velmaurisInteger.edu,1990-02-26,12345,(85)054145842
F,mattis.Integer.eu@pellentesqueeget.co.uk,1986-01-12,12345,(71)896865855
F,augue.scelerisque.mollis@id.com,1989-08-17,12345,(18)901805613
M,libero.mauris.aliquam@magnisdis.org,1975-07-28,12345,(20)206719061
M,fermentum.vel@semutcursus.org,1972-08-19,12345,(98)378181206
F,magna@eratvolutpatNulla.edu,1992-10-19,12345,(96)549888068
F,malesuada@lectus.org,1986-07-26,12345,(52)583600617
F,et@pedesagittis.edu,1987-07-16,12345,(06)614061829
M,Duis.gravida.Praesent@tincidunt.org,1988-02-13,12345,(64)532891416
F,nec.leo.Morbi@lobortisultrices.com,1980-03-30,12345,(95)607795330
F,eget.dictum@neque.net,1977-11-16,12345,(38)458544397
M,odio@auctornunc.ca,1973-10-20,12345,(82)904016172
F,mauris.sapien@atlibero.org,1995-02-02,12345,(50)015035793
M,vulputate.posuere@tellus.edu,1989-05-14,12345,(24)605304979
M,vulputate.nisi@Suspendissenonleo.ca,1994-09-20,12345,(05)804714580
F,elit.pellentesque@ametnullaDonec.net,1985-12-23,12345,(43)421275736
F,tellus.lorem@eget.net,1989-04-28,12345,(32)975588860
F,dolor.sit@orcilacusvestibulum.org,1988-08-16,12345,(98)311786603
M,non.magna@montesnascetur.org,1983-09-14,12345,(52)922710971
F,non@arcuimperdiet.edu,1976-09-25,12345,(34)336890721
M,Phasellus.in.felis@vulputate.org,1995-07-15,12345,(10)126331435
M,condimentum.eget@Integervulputaterisus.net,1994-11-02,12345,(92)073426244
M,Cras@egetvolutpatornare.ca,1988-03-26,12345,(85)262031694
M,posuere.cubilia.Curae@vitaealiquam.com,1979-11-27,12345,(11)271625517
F,mi.eleifend@Donecnonjusto.edu,1993-11-25,12345,(85)859658023
M,Cum.sociis.natoque@et.edu,1989-01-17,12345,(15)801724539
M,venenatis.lacus@justosit.org,1976-02-28,12345,(32)969917094
F,leo.Cras.vehicula@non.ca,1985-05-26,12345,(23)273800125
F,Nunc@feugiat.com,1981-02-03,12345,(50)798204053
M,orci.luctus@commodo.co.uk,1981-04-11,12345,(55)762220675
M,Duis.mi@Nam.co.uk,1988-03-22,12345,(40)502854871
M,Ut@magnaaneque.co.uk,1984-12-14,12345,(83)171653729
M,enim.Suspendisse@orci.co.uk,1992-02-13,12345,(90)341593152
M,ac.tellus@imperdietdictum.com,1993-07-02,12345,(07)112507821
M,aliquet.vel@magnaPhasellus.com,1984-06-02,12345,(87)477460464
M,porttitor.eros.nec@sitamet.net,1997-08-07,12345,(10)381549201
M,eu@Sedpharetra.com,1983-04-16,12345,(35)268109433
F,Phasellus.nulla@ipsum.com,1973-06-07,12345,(98)077766083
M,fringilla@nibhsit.com,1976-10-20,12345,(34)309551446
M,Nulla.semper@duiSuspendisse.com,1989-06-17,12345,(29)838065261
F,elit@consectetuereuismodest.co.uk,1993-06-26,12345,(75)025736594
F,in.consectetuer.ipsum@ametdapibusid.com,1996-05-17,12345,(36)543083951
F,justo.faucibus.lectus@vitae.ca,1995-12-29,12345,(41)799802147
M,faucibus.Morbi.vehicula@sitametfaucibus.com,1990-03-12,12345,(38)441373269
M,tincidunt@facilisisnon.net,1996-08-30,12345,(40)524877990
M,Aenean@In.edu,1995-08-15,12345,(63)588794744
F,netus.et@justo.com,1990-03-27,12345,(95)973320771
F,ullamcorper.velit.in@mollisIntegertincidunt.ca,1998-03-17,12345,(36)032577517
M,vel.faucibus@Fuscealiquamenim.co.uk,1992-09-09,12345,(45)260973852
M,augue.ut.lacus@laoreetlectusquis.co.uk,1986-07-26,12345,(37)913526127
M,eget.massa.Suspendisse@diamdictumsapien.org,1978-12-08,12345,(97)396304901
M,nibh.Aliquam.ornare@magnisdis.com,1988-06-07,12345,(83)676900418
F,sit@mifelisadipiscing.com,1989-06-25,12345,(09)382437362
F,at.lacus@justo.co.uk,1973-12-17,12345,(05)363693669
F,Sed@dapibus.ca,1978-09-22,12345,(37)893419846
M,tortor.dictum@lorem.com,1978-07-31,12345,(66)715566571
M,amet.ornare.lectus@etmagnis.co.uk,1987-07-14,12345,(88)717447488
F,Cras.dictum.ultricies@sem.org,1977-03-07,12345,(06)371949164
M,amet@magnamalesuada.ca,1992-06-29,12345,(10)805056708
F,semper@accumsanlaoreet.co.uk,1981-02-14,12345,(95)718335028
M,pede@egetnisi.net,1991-08-10,12345,(07)144508366
F,Phasellus.at.augue@gravida.edu,1983-12-09,12345,(75)574004400
F,aliquet@posuere.ca,1993-12-20,12345,(03)940214106
F,Integer@purusNullam.edu,1997-04-08,12345,(19)120425766
F,rutrum.justo.Praesent@nisiAeneaneget.co.uk,1995-03-02,12345,(99)433735651
M,tellus.id@odio.edu,1980-02-17,12345,(86)502040452
M,est@mattis.net,1976-03-22,12345,(16)695899553
M,lobortis@sagittisaugueeu.net,1986-04-06,12345,(55)022519470
M,Donec.luctus.aliquet@mus.org,1985-04-19,12345,(89)046291867
M,tellus@metusInnec.ca,1990-04-10,12345,(86)015426196