nisi sem,Grupo de Caronas
feugiat metus,Grupo de Amigos
tempus non,Grupo de Amigos
Donec at,Grupo Publico
dui Cras,Grupo Publico
nibh lacinia,Grupo Publico
cursus,Grupo de Caravanas
pede,Grupo de Caronas
consectetuer,Grupo de Caronas
ligula,Grupo Publico
dolor,Grupo de Caronas
Suspendisse,Grupo de Amigos
mollis,Grupo de Caronas
Nam interdum,Grupo de Caravanas
mi ac,Grupo de Caravanas
lectus,Grupo de Amigos
In,Grupo Publico
Cum sociis,Grupo de Amigos
dignissim tempor,Grupo Publico
vitae,Grupo de Amigos
semper Nam,Grupo de Caronas
tempus non,Grupo de Caronas
at,Grupo Publico
parturient,Grupo de Amigos
faucibus,Grupo de Caronas
eu erat,Grupo de Amigos
lobortis quam,Grupo de Caravanas
molestie Sed,Grupo de Caravanas
enim,Grupo de Amigos
Aliquam erat,Grupo de Caronas
metus eu,Grupo Publico
libero Integer,Grupo de Caronas
neque Morbi,Grupo de Caronas
enim diam,Grupo de Caronas
in lobortis,Grupo de Caronas
a,Grupo Publico
risus Donec,Grupo de Caronas
elit Nulla,Grupo de Caravanas
Aliquam,Grupo de Caravanas
molestie,Grupo de Caronas
elit,Grupo de Caravanas
aliquam,Grupo Publico
Suspendisse,Grupo Publico
sapien,Grupo de Caronas
elit Nulla,Grupo de Amigos
amet,Grupo de Caravanas
dolor,Grupo de Amigos
tristque pellentesque,Grupo de Caravanas
Fusce aliquet,Grupo de Amigos
massa,Grupo de Caronas